"nguyenthoian","nguyenthoian","nguyenthoian","nguyenthoian"
"nguyen","nguyen","nguyen","nguyen"
"nguyethoi","nguyenthoi","nguyethoi","nguyenthoi"
"nguyenthoian00","nguyenthoian00","nguyenthoian00","nguyenthoian00"
"Model.ListSeller@7eda2dbb"
"nguyenthoian11","nguyenthoian11","nguyenthoian11","nguyenthoian11"
"nguyenthoian22","nguyenthoian22","nguyenthoain22","nguyenthoian22"
"nguyenthoian33","nguyenthoian33","nguyenthoian33","nguyenthoian33"
"12345678","12345678","12345678","12345678"
"123456789","123456789","123456789","123456789"
"n123456789","n123456789","n123456789","n123456789"
"sdfasf","sadfsdfasdf","asdfasdf","dfasf"
"sdfasdf","ssdfsadfasf","sdfasdfsadf","asfdsdf"
